Datetime,YUM,cash
2000-01-06 00:00:00+00:00,0.0,100.0
2000-01-13 00:00:00+00:00,0.0,100.0
2000-01-20 00:00:00+00:00,0.0,100.0
2000-01-27 00:00:00+00:00,0.0,100.0
2000-02-03 00:00:00+00:00,0.0,100.0
2000-02-10 00:00:00+00:00,0.0,100.0
2000-02-17 00:00:00+00:00,0.0,100.0
2000-02-24 00:00:00+00:00,0.0,100.0
2000-03-02 00:00:00+00:00,0.0,100.0
2000-03-09 00:00:00+00:00,0.0,100.0
2000-03-16 00:00:00+00:00,0.0,100.0
2000-03-23 00:00:00+00:00,0.0,100.0
2000-03-30 00:00:00+00:00,0.0,100.0
2000-04-06 00:00:00+00:00,0.0,100.0
2000-04-13 00:00:00+00:00,0.0,100.0
2000-04-20 00:00:00+00:00,0.0,100.0
2000-04-27 00:00:00+00:00,0.0,100.0
2000-05-04 00:00:00+00:00,0.0,100.0
2000-05-11 00:00:00+00:00,0.0,100.0
2000-05-18 00:00:00+00:00,0.0,100.0
2000-05-25 00:00:00+00:00,0.0,100.0
2000-06-01 00:00:00+00:00,0.0,100.0
2000-06-08 00:00:00+00:00,0.0,100.0
2000-06-15 00:00:00+00:00,0.0,100.0
2000-06-22 00:00:00+00:00,0.0,100.0
2000-06-29 00:00:00+00:00,0.0,100.0
2000-07-06 00:00:00+00:00,0.0,100.0
2000-07-13 00:00:00+00:00,0.0,100.0
2000-07-20 00:00:00+00:00,0.0,100.0
2000-07-27 00:00:00+00:00,0.0,100.0
2000-08-03 00:00:00+00:00,0.0,100.0
2000-08-10 00:00:00+00:00,0.0,100.0
2000-08-17 00:00:00+00:00,0.0,100.0
2000-08-24 00:00:00+00:00,0.0,100.0
2000-08-31 00:00:00+00:00,0.0,100.0
2000-09-07 00:00:00+00:00,0.0,100.0
2000-09-14 00:00:00+00:00,0.0,100.0
2000-09-21 00:00:00+00:00,0.0,100.0
2000-09-28 00:00:00+00:00,0.0,100.0
2000-10-05 00:00:00+00:00,0.0,100.0
2000-10-12 00:00:00+00:00,0.0,100.0
2000-10-19 00:00:00+00:00,0.0,100.0
2000-10-26 00:00:00+00:00,0.0,100.0
2000-11-02 00:00:00+00:00,0.0,100.0
2000-11-09 00:00:00+00:00,0.0,100.0
2000-11-16 00:00:00+00:00,0.0,100.0
2000-11-23 00:00:00+00:00,0.0,100.0
2000-11-30 00:00:00+00:00,0.0,100.0
2000-12-07 00:00:00+00:00,0.0,100.0
2000-12-14 00:00:00+00:00,0.0,100.0
2000-12-21 00:00:00+00:00,0.0,100.0
2000-12-28 00:00:00+00:00,0.0,100.0
2001-01-04 00:00:00+00:00,0.0,100.0
2001-01-11 00:00:00+00:00,0.0,100.0
2001-01-18 00:00:00+00:00,0.0,100.0
2001-01-25 00:00:00+00:00,0.0,9.823193792884757
2001-02-01 00:00:00+00:00,0.0,12.62870541305669
2001-02-08 00:00:00+00:00,0.0,7.535885377166478
2001-02-15 00:00:00+00:00,0.0,7.834421441414044
2001-02-22 00:00:00+00:00,0.0,1.5564762957608034
2001-03-01 00:00:00+00:00,0.0,0.2725612105611298
2001-03-08 00:00:00+00:00,0.0,99.10982585918111
2001-03-15 00:00:00+00:00,0.0,80.8068344961053
2001-03-22 00:00:00+00:00,0.0,8.244947217771823
2001-03-29 00:00:00+00:00,0.0,71.83852526385932
2001-04-05 00:00:00+00:00,0.0,74.35878184683068
2001-04-12 00:00:00+00:00,0.0,76.88040422045826
2001-04-19 00:00:00+00:00,0.0,84.58034761866556
2001-04-26 00:00:00+00:00,0.0,84.58034761866556
2001-05-03 00:00:00+00:00,0.0,83.21648198131847
2001-05-10 00:00:00+00:00,0.0,99.39046321435383
2001-05-17 00:00:00+00:00,0.0,106.48886869352643
2001-05-24 00:00:00+00:00,0.0,95.82856822624308
2001-05-31 00:00:00+00:00,0.0,106.77420864179419
2001-06-07 00:00:00+00:00,0.0,106.77420864179419
2001-06-14 00:00:00+00:00,0.0,106.77420864179419
2001-06-21 00:00:00+00:00,0.0,106.77420864179419
2001-06-28 00:00:00+00:00,0.0,64.79037286631917
2001-07-05 00:00:00+00:00,0.0,75.74103481560554
2001-07-12 00:00:00+00:00,0.0,55.55490418618843
2001-07-19 00:00:00+00:00,0.0,52.49859546430852
2001-07-26 00:00:00+00:00,0.0,73.84764837073607
2001-08-02 00:00:00+00:00,0.0,89.00818968171077
2001-08-09 00:00:00+00:00,0.0,98.60360953137398
2001-08-16 00:00:00+00:00,0.0,98.60360953137398
2001-08-23 00:00:00+00:00,0.0,105.90293080834921
2001-08-30 00:00:00+00:00,0.0,105.90293080834921
2001-09-06 00:00:00+00:00,0.0,105.90293080834921
2001-09-13 00:00:00+00:00,0.0,95.9279493549605
2001-09-20 00:00:00+00:00,0.0,57.64090095495809
2001-09-27 00:00:00+00:00,0.0,88.75242108427068
2001-10-04 00:00:00+00:00,0.0,100.11569016849651
2001-10-11 00:00:00+00:00,0.0,109.4840012829473
2001-10-18 00:00:00+00:00,0.0,109.4840012829473
2001-10-25 00:00:00+00:00,0.0,109.4840012829473
2001-11-01 00:00:00+00:00,0.0,98.48207828601886
2001-11-08 00:00:00+00:00,0.0,98.48207828601886
2001-11-15 00:00:00+00:00,0.0,98.48207828601886
2001-11-22 00:00:00+00:00,0.0,109.57320606400347
2001-11-29 00:00:00+00:00,0.0,109.57320606400347
2001-12-06 00:00:00+00:00,0.0,109.57320606400347
2001-12-13 00:00:00+00:00,0.0,109.57320606400347
2001-12-20 00:00:00+00:00,0.0,109.57320606400347
2001-12-27 00:00:00+00:00,0.0,109.57320606400347
2002-01-03 00:00:00+00:00,0.0,109.57320606400347
2002-01-10 00:00:00+00:00,0.0,109.57320606400347
2002-01-17 00:00:00+00:00,0.0,98.62613552365214
2002-01-24 00:00:00+00:00,0.0,110.1062094985524
2002-01-31 00:00:00+00:00,0.0,110.1062094985524
2002-02-07 00:00:00+00:00,0.0,89.37405326197972
2002-02-14 00:00:00+00:00,0.0,101.08089614543238
2002-02-21 00:00:00+00:00,0.0,91.05774846042311
2002-02-28 00:00:00+00:00,0.0,111.98757617843448
2002-03-07 00:00:00+00:00,0.0,111.98757617843448
2002-03-14 00:00:00+00:00,0.0,111.98757617843448
2002-03-21 00:00:00+00:00,0.0,111.98757617843448
2002-03-28 00:00:00+00:00,0.0,111.98757617843448
2002-04-04 00:00:00+00:00,0.0,111.98757617843448
2002-04-11 00:00:00+00:00,0.0,111.98757617843448
2002-04-18 00:00:00+00:00,0.0,111.98757617843448
2002-04-25 00:00:00+00:00,0.0,111.98757617843448
2002-05-02 00:00:00+00:00,0.0,100.87011625654634
2002-05-09 00:00:00+00:00,0.0,112.37374023422218
2002-05-16 00:00:00+00:00,0.0,112.37374023422218
2002-05-23 00:00:00+00:00,0.0,101.09412044379462
2002-05-30 00:00:00+00:00,0.0,102.47744119185312
2002-06-06 00:00:00+00:00,0.0,50.69315120292148
2002-06-13 00:00:00+00:00,0.0,29.87337599999204
2002-06-20 00:00:00+00:00,0.0,71.85190337348412
2002-06-27 00:00:00+00:00,0.0,72.23129671052503
2002-07-04 00:00:00+00:00,0.0,2.2904171356747813
2002-07-11 00:00:00+00:00,0.21931528463516056,42.622871092265186
2002-07-18 00:00:00+00:00,0.24002316558783668,33.256998058259605
2002-07-25 00:00:00+00:00,0.0,23.85237899222422
2002-08-01 00:00:00+00:00,0.0,105.20157230068533
2002-08-08 00:00:00+00:00,0.0,94.75178401529953
2002-08-15 00:00:00+00:00,0.0,105.9756306921954
2002-08-22 00:00:00+00:00,0.0,105.9756306921954
2002-08-29 00:00:00+00:00,0.0,74.50791998890837
2002-09-05 00:00:00+00:00,0.0,83.87069674491752
2002-09-12 00:00:00+00:00,0.0,106.2897187705804
2002-09-19 00:00:00+00:00,0.0,95.77715517861229
2002-09-26 00:00:00+00:00,0.0,95.77715517861229
2002-10-03 00:00:00+00:00,0.0,95.77715517861229
2002-10-10 00:00:00+00:00,0.0,86.03682988964985
2002-10-17 00:00:00+00:00,0.0,106.21493489766546
2002-10-24 00:00:00+00:00,0.0,106.21493489766546
2002-10-31 00:00:00+00:00,0.0,106.21493489766546
2002-11-07 00:00:00+00:00,0.0,106.21493489766546
2002-11-14 00:00:00+00:00,0.0,106.21493489766546
2002-11-21 00:00:00+00:00,0.0,106.21493489766546
2002-11-28 00:00:00+00:00,0.0,106.21493489766546
2002-12-05 00:00:00+00:00,0.0,106.21493489766546
2002-12-12 00:00:00+00:00,0.0,106.21493489766546
2002-12-19 00:00:00+00:00,0.0,106.21493489766546
2002-12-26 00:00:00+00:00,0.0,106.21493489766546
2003-01-02 00:00:00+00:00,0.0,106.21493489766546
2003-01-09 00:00:00+00:00,0.0,106.21493489766546
2003-01-16 00:00:00+00:00,0.0,106.21493489766546
2003-01-23 00:00:00+00:00,0.0,106.21493489766546
2003-01-30 00:00:00+00:00,0.0,106.21493489766546
2003-02-06 00:00:00+00:00,0.0,106.21493489766546
2003-02-13 00:00:00+00:00,0.0,106.21493489766546
2003-02-20 00:00:00+00:00,0.0,106.21493489766546
2003-02-27 00:00:00+00:00,0.0,106.21493489766546
2003-03-06 00:00:00+00:00,0.0,106.21493489766546
2003-03-13 00:00:00+00:00,0.0,106.21493489766546
2003-03-20 00:00:00+00:00,0.0,106.21493489766546
2003-03-27 00:00:00+00:00,0.0,106.21493489766546
2003-04-03 00:00:00+00:00,0.0,106.21493489766546
2003-04-10 00:00:00+00:00,0.0,106.21493489766546
2003-04-17 00:00:00+00:00,0.0,106.21493489766546
2003-04-24 00:00:00+00:00,0.0,106.21493489766546
2003-05-01 00:00:00+00:00,0.0,106.21493489766546
2003-05-08 00:00:00+00:00,0.0,106.21493489766546
2003-05-15 00:00:00+00:00,0.0,106.21493489766546
2003-05-22 00:00:00+00:00,0.0,106.21493489766546
2003-05-29 00:00:00+00:00,0.0,106.21493489766546
2003-06-05 00:00:00+00:00,0.0,106.21493489766546
2003-06-12 00:00:00+00:00,0.0,31.507266866821666
2003-06-19 00:00:00+00:00,0.0,26.569745050156026
2003-06-26 00:00:00+00:00,0.0,0.5826194745242845
2003-07-03 00:00:00+00:00,0.0,21.667095572582173
2003-07-10 00:00:00+00:00,0.0,18.64221945652556
2003-07-17 00:00:00+00:00,0.0,0.119893336091907
2003-07-24 00:00:00+00:00,0.012334576200031271,31.142389505226934
2003-07-31 00:00:00+00:00,0.012083490679419946,0.9289958596163215
2003-08-07 00:00:00+00:00,0.0,28.143346648389386
2003-08-14 00:00:00+00:00,0.0,105.71060336656606
2003-08-21 00:00:00+00:00,0.0,96.90572488987385
2003-08-28 00:00:00+00:00,0.0,107.69130668524029
2003-09-04 00:00:00+00:00,0.0,107.70233616115505
2003-09-11 00:00:00+00:00,0.0,96.94072563040072
2003-09-18 00:00:00+00:00,0.0,108.15935968529766
2003-09-25 00:00:00+00:00,0.0,108.15935968529766
2003-10-02 00:00:00+00:00,0.0,108.15935968529766
2003-10-09 00:00:00+00:00,0.0,108.15935968529766
2003-10-16 00:00:00+00:00,0.0,108.15935968529766
2003-10-23 00:00:00+00:00,0.0,108.15935968529766
2003-10-30 00:00:00+00:00,0.0,108.15935968529766
2003-11-06 00:00:00+00:00,0.0,97.27861882780127
2003-11-13 00:00:00+00:00,0.0,77.77851197899184
2003-11-20 00:00:00+00:00,0.0,79.78737495021996
2003-11-27 00:00:00+00:00,0.0,97.30502636015949
2003-12-04 00:00:00+00:00,0.0,107.9589501062727
2003-12-11 00:00:00+00:00,0.0,10.558046993700009
2003-12-18 00:00:00+00:00,1.084963862528666,6.010759640820032
2003-12-25 00:00:00+00:00,1.1068332348976648,13.243325533455309
2004-01-01 00:00:00+00:00,1.108048200029276,52.05137469962142
2004-01-08 00:00:00+00:00,0.0,116.52653003927011
2004-01-15 00:00:00+00:00,0.0,117.55544381984049
2004-01-22 00:00:00+00:00,0.0,117.55544381984049
2004-01-29 00:00:00+00:00,0.0,117.55544381984049
2004-02-05 00:00:00+00:00,0.0,94.05921547479409
2004-02-12 00:00:00+00:00,0.0,119.06640539892842
2004-02-19 00:00:00+00:00,0.0,119.06640539892842
2004-02-26 00:00:00+00:00,0.0,119.06640539892842
2004-03-04 00:00:00+00:00,0.0,119.06640539892842
2004-03-11 00:00:00+00:00,0.0,83.62797129120291
2004-03-18 00:00:00+00:00,0.0,120.62702956673044
2004-03-25 00:00:00+00:00,0.0,59.79581277439538
2004-04-01 00:00:00+00:00,0.0,122.87118861005094
2004-04-08 00:00:00+00:00,0.0,122.87118861005094
2004-04-15 00:00:00+00:00,0.0,98.23399228699357
2004-04-22 00:00:00+00:00,0.0,100.91139173467195
2004-04-29 00:00:00+00:00,0.0,100.91139173467195
2004-05-06 00:00:00+00:00,0.0,103.21766365266745
2004-05-13 00:00:00+00:00,0.0,72.29884119097113
2004-05-20 00:00:00+00:00,0.0,82.66675554296783
2004-05-27 00:00:00+00:00,0.0,123.30017228727955
2004-06-03 00:00:00+00:00,0.0,123.30017228727955
2004-06-10 00:00:00+00:00,0.0,123.30017228727955
2004-06-17 00:00:00+00:00,0.0,123.30017228727955
2004-06-24 00:00:00+00:00,0.0,123.30017228727955
2004-07-01 00:00:00+00:00,0.0,123.30017228727955
2004-07-08 00:00:00+00:00,0.0,110.93483272558613
2004-07-15 00:00:00+00:00,0.0,110.93483272558613
2004-07-22 00:00:00+00:00,0.0,88.90487817342648
2004-07-29 00:00:00+00:00,0.0,91.63192389637705
2004-08-05 00:00:00+00:00,0.0,102.7122136272824
2004-08-12 00:00:00+00:00,0.0,92.44099226455415
2004-08-19 00:00:00+00:00,0.0,101.60916465005579
2004-08-26 00:00:00+00:00,0.0,102.75707059675065
2004-09-02 00:00:00+00:00,0.0,113.35014222261228
2004-09-09 00:00:00+00:00,0.0,113.35014222261228
2004-09-16 00:00:00+00:00,0.0,113.35014222261228
2004-09-23 00:00:00+00:00,0.0,113.35014222261228
2004-09-30 00:00:00+00:00,0.0,113.35014222261228
2004-10-07 00:00:00+00:00,0.0,122.26261843935778
2004-10-14 00:00:00+00:00,0.0,122.26261843935778
2004-10-21 00:00:00+00:00,0.0,122.26261843935778
2004-10-28 00:00:00+00:00,0.0,122.26261843935778
2004-11-04 00:00:00+00:00,0.0,122.26261843935778
2004-11-11 00:00:00+00:00,0.0,122.26261843935778
2004-11-18 00:00:00+00:00,0.0,122.26261843935778
2004-11-25 00:00:00+00:00,0.0,122.26261843935778
2004-12-02 00:00:00+00:00,0.0,122.26261843935778
2004-12-09 00:00:00+00:00,0.0,122.26261843935778
2004-12-16 00:00:00+00:00,0.0,122.26261843935778
2004-12-23 00:00:00+00:00,0.0,122.26261843935778
2004-12-30 00:00:00+00:00,0.0,122.26261843935778
2005-01-06 00:00:00+00:00,0.0,122.26261843935778
2005-01-13 00:00:00+00:00,0.0,122.26261843935778
2005-01-20 00:00:00+00:00,0.0,85.7292337373257
2005-01-27 00:00:00+00:00,0.0,85.7292337373257
2005-02-03 00:00:00+00:00,0.0,101.7782457791133
2005-02-10 00:00:00+00:00,0.0,112.23767891811899
2005-02-17 00:00:00+00:00,0.0,122.7281329199252
2005-02-24 00:00:00+00:00,0.0,110.36363372286976
2005-03-03 00:00:00+00:00,0.0,110.36363372286976
2005-03-10 00:00:00+00:00,0.0,122.71503493348763
2005-03-17 00:00:00+00:00,0.0,122.71503493348763
2005-03-24 00:00:00+00:00,0.0,110.43776543356381
2005-03-31 00:00:00+00:00,0.0,110.43776543356381
2005-04-07 00:00:00+00:00,0.0,111.85569038307733
2005-04-14 00:00:00+00:00,0.0,111.85569038307733
2005-04-21 00:00:00+00:00,0.0,32.70429305601066
2005-04-28 00:00:00+00:00,0.0,100.82046913136398
2005-05-05 00:00:00+00:00,0.0,124.01497346209399
2005-05-12 00:00:00+00:00,0.0,86.72300086059948
2005-05-19 00:00:00+00:00,0.0,51.77373996085815
2005-05-26 00:00:00+00:00,0.0,61.00703065948556
2005-06-02 00:00:00+00:00,0.0,84.24899325263166
2005-06-09 00:00:00+00:00,0.0,127.95138823420947
2005-06-16 00:00:00+00:00,0.0,127.95138823420947
2005-06-23 00:00:00+00:00,0.0,115.18068510202447
2005-06-30 00:00:00+00:00,0.0,115.18068510202447
2005-07-07 00:00:00+00:00,0.0,92.35422783307993
2005-07-14 00:00:00+00:00,0.0,106.81649423346089
2005-07-21 00:00:00+00:00,0.0,128.7078716807951
2005-07-28 00:00:00+00:00,0.0,115.77753691841517
2005-08-04 00:00:00+00:00,0.0,128.88651446369641
2005-08-11 00:00:00+00:00,0.0,115.97597146497625
2005-08-18 00:00:00+00:00,0.0,115.97597146497625
2005-08-25 00:00:00+00:00,0.0,105.68992151138254
2005-09-01 00:00:00+00:00,0.0,106.8739208324877
2005-09-08 00:00:00+00:00,0.0,118.62582342265878
2005-09-15 00:00:00+00:00,0.0,118.62582342265878
2005-09-22 00:00:00+00:00,0.0,106.77664815808534
2005-09-29 00:00:00+00:00,0.0,129.91978511937737
2005-10-06 00:00:00+00:00,0.0,129.91978511937737
2005-10-13 00:00:00+00:00,0.0,78.6786514932914
2005-10-20 00:00:00+00:00,0.0,102.86017758092552
2005-10-27 00:00:00+00:00,0.0,95.44335674348015
2005-11-03 00:00:00+00:00,0.0,115.27207767135491
2005-11-10 00:00:00+00:00,0.0,125.00979531034658
2005-11-17 00:00:00+00:00,0.0,125.00979531034658
2005-11-24 00:00:00+00:00,0.0,132.85438275213332
2005-12-01 00:00:00+00:00,0.0,132.85438275213332
2005-12-08 00:00:00+00:00,0.0,132.85438275213332
2005-12-15 00:00:00+00:00,0.0,132.85438275213332
2005-12-22 00:00:00+00:00,0.0,119.66044198570245
2005-12-29 00:00:00+00:00,0.0,119.66044198570245
2006-01-05 00:00:00+00:00,0.0,119.66044198570245
2006-01-12 00:00:00+00:00,0.0,95.50471019661009
2006-01-19 00:00:00+00:00,0.0,133.28245232806594
2006-01-26 00:00:00+00:00,0.0,106.49637363801719
2006-02-02 00:00:00+00:00,0.0,98.78942232699946
2006-02-09 00:00:00+00:00,0.0,110.45870417346006
2006-02-16 00:00:00+00:00,0.0,120.71246662788198
2006-02-23 00:00:00+00:00,0.0,134.39509451603558
2006-03-02 00:00:00+00:00,0.0,134.39509451603558
2006-03-09 00:00:00+00:00,0.0,134.39509451603558
2006-03-16 00:00:00+00:00,0.0,134.39509451603558
2006-03-23 00:00:00+00:00,0.0,120.88447654881507
2006-03-30 00:00:00+00:00,0.0,120.88447654881507
2006-04-06 00:00:00+00:00,0.0,135.8172648283746
2006-04-13 00:00:00+00:00,0.0,122.23216400355382
2006-04-20 00:00:00+00:00,0.0,111.54143733373587
2006-04-27 00:00:00+00:00,0.0,101.897049391513
2006-05-04 00:00:00+00:00,0.0,92.86309347300086
2006-05-11 00:00:00+00:00,0.0,103.47648676721042
2006-05-18 00:00:00+00:00,0.0,84.04380365589849
2006-05-25 00:00:00+00:00,0.0,69.11385168706099
2006-06-01 00:00:00+00:00,0.0,97.5815604329792
2006-06-08 00:00:00+00:00,0.0,0.7493494142253425
2006-06-15 00:00:00+00:00,0.0,0.07150246639580352
2006-06-22 00:00:00+00:00,0.0,30.91899024433779
2006-06-29 00:00:00+00:00,0.0,68.85919965191582
2006-07-06 00:00:00+00:00,0.0,99.65244630305287
2006-07-13 00:00:00+00:00,0.0,54.94600286090355
2006-07-20 00:00:00+00:00,0.0,10.78834279904866
2006-07-27 00:00:00+00:00,0.0,8.46327419622577
2006-08-03 00:00:00+00:00,0.0,18.0533710862568
2006-08-10 00:00:00+00:00,0.0,4.4591867006681865
2006-08-17 00:00:00+00:00,0.0,41.045791248805635
2006-08-24 00:00:00+00:00,0.0,34.03430899140993
2006-08-31 00:00:00+00:00,0.0,27.01372073346645
2006-09-07 00:00:00+00:00,0.0,17.64977915812114
2006-09-14 00:00:00+00:00,0.0,14.460103161175414
2006-09-21 00:00:00+00:00,0.0,15.52519994823064
2006-09-28 00:00:00+00:00,0.0,22.774147510394286
2006-10-05 00:00:00+00:00,0.0,17.894316744494468
2006-10-12 00:00:00+00:00,0.0,81.113167517732
2006-10-19 00:00:00+00:00,0.0,49.668427117367166
2006-10-26 00:00:00+00:00,0.0,22.236781846606203
2006-11-02 00:00:00+00:00,0.0,6.309402965691769
2006-11-09 00:00:00+00:00,0.0,41.87408100260675
2006-11-16 00:00:00+00:00,0.0,15.944132318298525
2006-11-23 00:00:00+00:00,0.0,41.441127125172066
2006-11-30 00:00:00+00:00,0.0,2.216098524567051
2006-12-07 00:00:00+00:00,0.0,62.05994803011552
2006-12-14 00:00:00+00:00,0.0,4.358261576599217
2006-12-21 00:00:00+00:00,0.4366418023716994,24.72224430062122
2006-12-28 00:00:00+00:00,0.0,14.635765888047096
2007-01-04 00:00:00+00:00,1.4617448283681582,8.090401671080274
2007-01-11 00:00:00+00:00,1.491968875571259,12.55632111494743
2007-01-18 00:00:00+00:00,1.4809783129519498,38.56331467355037
2007-01-25 00:00:00+00:00,1.495632396444362,1.8368105940097799
2007-02-01 00:00:00+00:00,0.0,41.41434991523307
2007-02-08 00:00:00+00:00,0.0,150.30789785564625
2007-02-15 00:00:00+00:00,0.0,150.49244642634793
2007-02-22 00:00:00+00:00,0.0,150.49244642634793
2007-03-01 00:00:00+00:00,0.0,135.52314465034067
2007-03-08 00:00:00+00:00,0.0,121.8888304828229
2007-03-15 00:00:00+00:00,0.0,124.97420170566807
2007-03-22 00:00:00+00:00,0.0,151.85226496244667
2007-03-29 00:00:00+00:00,0.0,151.85226496244667
2007-04-05 00:00:00+00:00,0.0,151.85226496244667
2007-04-12 00:00:00+00:00,0.0,14.892265189940003
2007-04-19 00:00:00+00:00,0.0,10.451542825228263
2007-04-26 00:00:00+00:00,0.0,27.06605451965064
2007-05-03 00:00:00+00:00,0.0,36.875319311448244
2007-05-10 00:00:00+00:00,0.0,74.90491840326554
2007-05-17 00:00:00+00:00,0.0,15.088506454311991
2007-05-24 00:00:00+00:00,0.0,43.639225991977675
2007-05-31 00:00:00+00:00,0.0,12.294658086175748
2007-06-07 00:00:00+00:00,0.0,6.6811194528100115
2007-06-14 00:00:00+00:00,0.0,30.25509941587209
2007-06-21 00:00:00+00:00,0.0,8.45163998733243
2007-06-28 00:00:00+00:00,0.8819102595477317,4.8760669418519464
2007-07-05 00:00:00+00:00,0.0,39.42079727430998
2007-07-12 00:00:00+00:00,0.0,0.47777764362041797
2007-07-19 00:00:00+00:00,0.0,54.24039047002937
2007-07-26 00:00:00+00:00,0.0,1.6795153927308917
2007-08-02 00:00:00+00:00,0.1689178887510701,16.29874658731588
2007-08-09 00:00:00+00:00,0.15732169501529872,25.857578669793906
2007-08-16 00:00:00+00:00,0.17094722265483012,17.867366736435265
2007-08-23 00:00:00+00:00,0.17172030223721488,30.53220506071463
2007-08-30 00:00:00+00:00,0.17374963614097488,31.222433514644354
2007-09-06 00:00:00+00:00,0.1670818247429063,31.222433514644354
2007-09-13 00:00:00+00:00,0.18186697175601485,43.85286034041186
2007-09-20 00:00:00+00:00,0.1774217641573025,44.097682476580964
2007-09-27 00:00:00+00:00,0.1814804319648225,53.32948791829858
2007-10-04 00:00:00+00:00,0.2024502156370091,64.03875002018157
2007-10-11 00:00:00+00:00,0.0,159.3605904340127
2007-10-18 00:00:00+00:00,0.0,159.3605904340127
2007-10-25 00:00:00+00:00,0.0,159.3605904340127
2007-11-01 00:00:00+00:00,0.0,159.3605904340127
2007-11-08 00:00:00+00:00,0.0,159.3605904340127
2007-11-15 00:00:00+00:00,0.0,159.3605904340127
2007-11-22 00:00:00+00:00,0.0,143.19934357672537
2007-11-29 00:00:00+00:00,0.0,160.13668414972716
2007-12-06 00:00:00+00:00,0.0,160.13668414972716
2007-12-13 00:00:00+00:00,0.0,160.13668414972716
2007-12-20 00:00:00+00:00,0.0,160.13668414972716
2007-12-27 00:00:00+00:00,0.0,160.13668414972716
2008-01-03 00:00:00+00:00,0.0,160.13668414972716
2008-01-10 00:00:00+00:00,0.0,160.13668414972716
2008-01-17 00:00:00+00:00,0.0,160.13668414972716
2008-01-24 00:00:00+00:00,0.0,144.09513123751444
2008-01-31 00:00:00+00:00,0.0,160.87363157678436
2008-02-07 00:00:00+00:00,0.0,160.87363157678436
2008-02-14 00:00:00+00:00,0.0,160.87363157678436
2008-02-21 00:00:00+00:00,0.0,160.87363157678436
2008-02-28 00:00:00+00:00,0.0,160.87363157678436
2008-03-06 00:00:00+00:00,0.0,160.87363157678436
2008-03-13 00:00:00+00:00,0.0,129.09763031899988
2008-03-20 00:00:00+00:00,0.0,120.07510423153506
2008-03-27 00:00:00+00:00,0.0,107.99221915234102
2008-04-03 00:00:00+00:00,0.0,120.68465579777593
2008-04-10 00:00:00+00:00,0.0,164.11132748938468
2008-04-17 00:00:00+00:00,0.0,164.11132748938468
2008-04-24 00:00:00+00:00,0.0,164.11132748938468
2008-05-01 00:00:00+00:00,0.0,164.11132748938468
2008-05-08 00:00:00+00:00,0.0,164.11132748938468
2008-05-15 00:00:00+00:00,0.0,164.11132748938468
2008-05-22 00:00:00+00:00,0.0,164.11132748938468
2008-05-29 00:00:00+00:00,0.0,164.11132748938468
2008-06-05 00:00:00+00:00,0.0,164.11132748938468
2008-06-12 00:00:00+00:00,0.0,164.11132748938468
2008-06-19 00:00:00+00:00,0.0,164.11132748938468
2008-06-26 00:00:00+00:00,0.0,164.11132748938468
2008-07-03 00:00:00+00:00,0.0,131.2167896527099
2008-07-10 00:00:00+00:00,0.0,134.95587994675424
2008-07-17 00:00:00+00:00,0.0,134.95587994675424
2008-07-24 00:00:00+00:00,0.0,152.08429759203915
2008-07-31 00:00:00+00:00,0.0,165.58992018250456
2008-08-07 00:00:00+00:00,0.0,165.58992018250456
2008-08-14 00:00:00+00:00,0.0,165.58992018250456
2008-08-21 00:00:00+00:00,0.0,165.58992018250456
2008-08-28 00:00:00+00:00,0.0,165.58992018250456
2008-09-04 00:00:00+00:00,0.0,165.58992018250456
2008-09-11 00:00:00+00:00,0.0,132.75012181995734
2008-09-18 00:00:00+00:00,0.0,79.19223182552521
2008-09-25 00:00:00+00:00,0.0,96.02332866255725
2008-10-02 00:00:00+00:00,0.0,115.93851721520048
2008-10-09 00:00:00+00:00,0.0,72.8148436931593
2008-10-16 00:00:00+00:00,0.0,65.44013975154772
2008-10-23 00:00:00+00:00,0.0,93.3647492232611
2008-10-30 00:00:00+00:00,0.0,137.32644960650168
2008-11-06 00:00:00+00:00,0.0,158.1720710033806
2008-11-13 00:00:00+00:00,0.0,142.25745808006556
2008-11-20 00:00:00+00:00,0.0,143.4102218198553
2008-11-27 00:00:00+00:00,0.0,143.4102218198553
2008-12-04 00:00:00+00:00,0.0,143.4102218198553
2008-12-11 00:00:00+00:00,0.0,129.0620895624201
2008-12-18 00:00:00+00:00,0.0,143.6519643851441
2008-12-25 00:00:00+00:00,0.0,129.29399390057262
2009-01-01 00:00:00+00:00,0.0,129.29399390057262
2009-01-08 00:00:00+00:00,0.0,129.29399390057262
2009-01-15 00:00:00+00:00,0.0,90.4933756646096
2009-01-22 00:00:00+00:00,0.0,90.4933756646096
2009-01-29 00:00:00+00:00,0.0,90.4933756646096
2009-02-05 00:00:00+00:00,0.0,101.5465846068983
2009-02-12 00:00:00+00:00,0.0,156.6577769442741
2009-02-19 00:00:00+00:00,0.0,156.6577769442741
2009-02-26 00:00:00+00:00,0.0,156.6577769442741
2009-03-05 00:00:00+00:00,0.0,156.6577769442741
2009-03-12 00:00:00+00:00,0.0,156.6577769442741
2009-03-19 00:00:00+00:00,0.0,156.6577769442741
2009-03-26 00:00:00+00:00,0.0,156.6577769442741
2009-04-02 00:00:00+00:00,0.0,156.6577769442741
2009-04-09 00:00:00+00:00,0.0,156.6577769442741
2009-04-16 00:00:00+00:00,0.0,156.6577769442741
2009-04-23 00:00:00+00:00,0.0,156.6577769442741
2009-04-30 00:00:00+00:00,0.0,156.6577769442741
2009-05-07 00:00:00+00:00,0.0,156.6577769442741
2009-05-14 00:00:00+00:00,0.0,93.71595969246188
2009-05-21 00:00:00+00:00,0.0,93.71595969246188
2009-05-28 00:00:00+00:00,0.0,93.71595969246188
2009-06-04 00:00:00+00:00,0.0,93.71595969246188
2009-06-11 00:00:00+00:00,0.0,66.35939055299548
2009-06-18 00:00:00+00:00,0.0,13.24604868649476
2009-06-25 00:00:00+00:00,1.4237540752958289,24.825967145407294
2009-07-02 00:00:00+00:00,1.4316004153901445,22.364772126681572
2009-07-09 00:00:00+00:00,1.3845223748242503,1.9464881307770727
2009-07-16 00:00:00+00:00,0.0,38.40745222186076
2009-07-23 00:00:00+00:00,3.872585597085028,39.30162920243782
2009-07-30 00:00:00+00:00,4.169099088331517,39.13806071632947
2009-08-06 00:00:00+00:00,0.0,57.25630691831464
2009-08-13 00:00:00+00:00,0.0,165.7489133432019
2009-08-20 00:00:00+00:00,0.0,165.7489133432019
2009-08-27 00:00:00+00:00,0.0,165.7489133432019
2009-09-03 00:00:00+00:00,0.0,165.7489133432019
2009-09-10 00:00:00+00:00,0.0,165.7489133432019
2009-09-17 00:00:00+00:00,0.0,165.7489133432019
2009-09-24 00:00:00+00:00,0.0,165.7489133432019
2009-10-01 00:00:00+00:00,0.0,165.7489133432019
2009-10-08 00:00:00+00:00,0.0,15.630489000313297
2009-10-15 00:00:00+00:00,0.0,18.09284375442225
2009-10-22 00:00:00+00:00,0.0,1.614197632699647
2009-10-29 00:00:00+00:00,0.0,0.1451197765302287
2009-11-05 00:00:00+00:00,0.0,21.467150875654887
2009-11-12 00:00:00+00:00,0.0,61.587306290891654
2009-11-19 00:00:00+00:00,0.0,46.947623810270926
2009-11-26 00:00:00+00:00,0.0,29.511097229174716
2009-12-03 00:00:00+00:00,0.0,6.297220925948176
2009-12-10 00:00:00+00:00,0.0,0.41787881686605666
2009-12-17 00:00:00+00:00,0.04277285181663097,14.33750537319787
2009-12-24 00:00:00+00:00,0.0425423268925825,0.0252043239112405
2009-12-31 00:00:00+00:00,0.04195553617682274,5.880829008643737
2010-01-07 00:00:00+00:00,0.04335964253239073,0.2419498472848563
2010-01-14 00:00:00+00:00,0.0427309381940767,0.7205387054463398
2010-01-21 00:00:00+00:00,0.04231180196853402,3.197073736829103
2010-01-28 00:00:00+00:00,0.04296146311812518,0.3090443265755453
2010-02-04 00:00:00+00:00,0.040299948085929134,0.031991283107888104
2010-02-11 00:00:00+00:00,0.040907695612966026,0.0031372066011242533
2010-02-18 00:00:00+00:00,0.04097056604679743,0.001260992940437183
2010-02-25 00:00:00+00:00,0.04128491821595444,0.0008881469121514263
2010-03-04 00:00:00+00:00,0.04482661932179013,0.0008881469121514263
2010-03-11 00:00:00+00:00,0.04696421407205782,24.986251601947547
2010-03-18 00:00:00+00:00,0.04608402799841818,31.572007042884103
2010-03-25 00:00:00+00:00,0.0465869914690694,40.04178899758592
2010-04-01 00:00:00+00:00,0.0487874566531685,5.013170091676941
2010-04-08 00:00:00+00:00,0.0,82.40531659292145
2010-04-15 00:00:00+00:00,0.0,54.49526679406537
2010-04-22 00:00:00+00:00,0.0,13.722993571768793
2010-04-29 00:00:00+00:00,0.0,3.428981456758452
2010-05-06 00:00:00+00:00,0.0,0.36861274624285456
2010-05-13 00:00:00+00:00,0.0,44.511739414893604
2010-05-20 00:00:00+00:00,0.0,2.490350451994858
2010-05-27 00:00:00+00:00,0.0,0.20826965482348425
2010-06-03 00:00:00+00:00,0.0,10.15586363800226
2010-06-10 00:00:00+00:00,0.0,60.77601116825271
2010-06-17 00:00:00+00:00,0.0,85.45925293525904
2010-06-24 00:00:00+00:00,0.0,77.22567671599684
2010-07-01 00:00:00+00:00,7.85489637950495,17.05830266902052
2010-07-08 00:00:00+00:00,8.109374663938155,65.08978911081675
2010-07-15 00:00:00+00:00,7.9227572553538055,66.2430053301825
2010-07-22 00:00:00+00:00,8.255275547013193,6.3005827886086605
2010-07-29 00:00:00+00:00,8.29938511631495,5.035582711815454
2010-08-05 00:00:00+00:00,8.180628583579454,49.52965185728529
2010-08-12 00:00:00+00:00,0.0,73.42010029049294
2010-08-19 00:00:00+00:00,0.0,46.87188622801893
2010-08-26 00:00:00+00:00,0.0,4.503120792807742
2010-09-02 00:00:00+00:00,0.0,47.40925038795614
2010-09-09 00:00:00+00:00,0.0,37.79779166919006
2010-09-16 00:00:00+00:00,0.0,69.0118444602012
2010-09-23 00:00:00+00:00,0.0,88.97254679278213
2010-09-30 00:00:00+00:00,0.0,126.28394208873479
2010-10-07 00:00:00+00:00,0.0,105.21551172913736
2010-10-14 00:00:00+00:00,0.0,174.00961130669336
2010-10-21 00:00:00+00:00,0.0,174.00961130669336
2010-10-28 00:00:00+00:00,0.0,121.59011839387283
2010-11-04 00:00:00+00:00,0.0,121.93914728916174
2010-11-11 00:00:00+00:00,0.0,73.3933842698626
2010-11-18 00:00:00+00:00,0.0,69.18757215069282
2010-11-25 00:00:00+00:00,0.0,62.338505830906826
2010-12-02 00:00:00+00:00,0.0,56.089777322796834
2010-12-09 00:00:00+00:00,0.0,55.4127801794374
2010-12-16 00:00:00+00:00,0.0,27.679232786514113
2010-12-23 00:00:00+00:00,0.0,22.010283701753412
2010-12-30 00:00:00+00:00,0.0,22.010283701753412
2011-01-06 00:00:00+00:00,0.0,17.609241907187993
2011-01-13 00:00:00+00:00,0.0,180.31129350503502
2011-01-20 00:00:00+00:00,0.0,144.24772725260058
2011-01-27 00:00:00+00:00,14.409470632552924,58.584485875359455
2011-02-03 00:00:00+00:00,14.945043877302679,11.404167329453024
2011-02-10 00:00:00+00:00,0.0,62.46565990322347
2011-02-17 00:00:00+00:00,0.0,113.2100696689289
2011-02-24 00:00:00+00:00,0.0,6.2818207598481415
2011-03-03 00:00:00+00:00,0.0,43.744115349898614
2011-03-10 00:00:00+00:00,0.0,177.42897385953182
2011-03-17 00:00:00+00:00,0.0,57.02452539510481
2011-03-24 00:00:00+00:00,0.0,196.81682978179444
2011-03-31 00:00:00+00:00,0.0,196.81682978179444
2011-04-07 00:00:00+00:00,0.0,196.81682978179444
2011-04-14 00:00:00+00:00,0.0,177.30369876587872
2011-04-21 00:00:00+00:00,0.0,180.48191040961873
2011-04-28 00:00:00+00:00,0.0,198.37752138477686
2011-05-05 00:00:00+00:00,0.0,198.37752138477686
2011-05-12 00:00:00+00:00,0.0,20.31674756597822
2011-05-19 00:00:00+00:00,0.0,1.884988639183451
2011-05-26 00:00:00+00:00,0.0,0.17389278902227445
2011-06-02 00:00:00+00:00,0.0,0.0004531550919377528
2011-06-09 00:00:00+00:00,0.0,4.412700595008929e-05
2011-06-16 00:00:00+00:00,0.0,4.320578887223061e-06
2011-06-23 00:00:00+00:00,0.0,0.018513791203595784
2011-06-30 00:00:00+00:00,0.0,40.81543277891385
2011-07-07 00:00:00+00:00,0.0,132.3459655276486
2011-07-14 00:00:00+00:00,0.0,194.83611058784876
2011-07-21 00:00:00+00:00,0.0,194.83611058784876
2011-07-28 00:00:00+00:00,0.0,175.39859640065407
2011-08-04 00:00:00+00:00,0.0,88.91477783039116
2011-08-11 00:00:00+00:00,0.0,44.20804902726086
2011-08-18 00:00:00+00:00,0.0,60.82221304236811
2011-08-25 00:00:00+00:00,0.0,60.82221304236811
2011-09-01 00:00:00+00:00,0.0,60.82221304236811
2011-09-08 00:00:00+00:00,0.0,197.53545648889363
2011-09-15 00:00:00+00:00,0.0,197.53545648889363
2011-09-22 00:00:00+00:00,0.0,197.53545648889363
2011-09-29 00:00:00+00:00,0.0,197.53545648889363
2011-10-06 00:00:00+00:00,0.0,197.53545648889363
2011-10-13 00:00:00+00:00,0.0,197.53545648889363
2011-10-20 00:00:00+00:00,0.0,197.53545648889363
2011-10-27 00:00:00+00:00,0.0,197.53545648889363
2011-11-03 00:00:00+00:00,0.0,197.53545648889363
2011-11-10 00:00:00+00:00,0.0,177.93043373961999
2011-11-17 00:00:00+00:00,0.0,177.93043373961999
2011-11-24 00:00:00+00:00,0.0,124.50673513899936
2011-12-01 00:00:00+00:00,0.0,201.12357798952215
2011-12-08 00:00:00+00:00,0.0,201.12357798952215
2011-12-15 00:00:00+00:00,0.0,37.743102429020354
2011-12-22 00:00:00+00:00,0.0,72.53161245359843
2011-12-29 00:00:00+00:00,0.0,94.89724970010613
2012-01-05 00:00:00+00:00,0.0,66.4970691904828
2012-01-12 00:00:00+00:00,0.0,109.9481680680597
2012-01-19 00:00:00+00:00,0.0,64.76962024695149
2012-01-26 00:00:00+00:00,0.0,41.55347479832322
2012-02-02 00:00:00+00:00,0.0,22.470646705433158
2012-02-09 00:00:00+00:00,0.0,36.678847602243096
2012-02-16 00:00:00+00:00,0.0,1.0842331590507848
2012-02-23 00:00:00+00:00,0.0,29.024533315888814
2012-03-01 00:00:00+00:00,0.0,7.2975768873090425
2012-03-08 00:00:00+00:00,0.0,72.5311472160393
2012-03-15 00:00:00+00:00,0.0,106.9123667093507
2012-03-22 00:00:00+00:00,0.0,79.77383194649425
2012-03-29 00:00:00+00:00,0.0,7.091183943100834
2012-04-05 00:00:00+00:00,0.0,8.14067315671112
2012-04-12 00:00:00+00:00,0.0,0.7779553634476337
2012-04-19 00:00:00+00:00,0.0,19.512157422648805
2012-04-26 00:00:00+00:00,0.0,4.792945726909382
2012-05-03 00:00:00+00:00,0.0,76.97952567813951
2012-05-10 00:00:00+00:00,0.0,184.36530717785553
2012-05-17 00:00:00+00:00,0.0,0.5621491055514554
2012-05-24 00:00:00+00:00,0.0,23.752175402728614
2012-05-31 00:00:00+00:00,0.0,95.22770860631745
2012-06-07 00:00:00+00:00,8.967452372094781,79.88285123248065
2012-06-14 00:00:00+00:00,9.449826482900194,193.59021078666456
2012-06-21 00:00:00+00:00,0.0,171.44788213579
2012-06-28 00:00:00+00:00,0.0,137.42946307197167
2012-07-05 00:00:00+00:00,0.0,172.7133149146691
2012-07-12 00:00:00+00:00,0.0,86.7995152917799
2012-07-19 00:00:00+00:00,0.0,97.68066359908104
2012-07-26 00:00:00+00:00,0.0,8.392535202348217
2012-08-02 00:00:00+00:00,0.0,34.22547399816749
2012-08-09 00:00:00+00:00,0.0,80.2206995929216
2012-08-16 00:00:00+00:00,0.0,81.58893495725768
2012-08-23 00:00:00+00:00,0.0,8.163246930706828
2012-08-30 00:00:00+00:00,0.0,39.97096569202196
2012-09-06 00:00:00+00:00,0.0,3.9036594105809295
2012-09-13 00:00:00+00:00,0.0,60.87017293436819
2012-09-20 00:00:00+00:00,0.0,62.453622103126115
2012-09-27 00:00:00+00:00,0.0,8.344102967511496
2012-10-04 00:00:00+00:00,0.0,81.49094342147741
2012-10-11 00:00:00+00:00,0.0,0.9441284554204259
2012-10-18 00:00:00+00:00,0.0,148.5637928304799
2012-10-25 00:00:00+00:00,0.0,8.038126259423883
2012-11-01 00:00:00+00:00,0.0,79.44627425146855
2012-11-08 00:00:00+00:00,0.0,0.20221569223233615
2012-11-15 00:00:00+00:00,0.0,71.1197751230951
2012-11-22 00:00:00+00:00,0.0,159.98874972736337
2012-11-29 00:00:00+00:00,0.0,174.19241244589787
2012-12-06 00:00:00+00:00,0.0,76.11989086409332
2012-12-13 00:00:00+00:00,0.0,106.14770794638528
2012-12-20 00:00:00+00:00,0.0,118.10485025917816
2012-12-27 00:00:00+00:00,0.0,0.0014267408612109733
2013-01-03 00:00:00+00:00,0.0,189.24023959887535
2013-01-10 00:00:00+00:00,0.0,111.41684803275302
2013-01-17 00:00:00+00:00,0.0,94.18543340986943
2013-01-24 00:00:00+00:00,0.0,109.36010225108029
2013-01-31 00:00:00+00:00,0.0,88.91778604363589
2013-02-07 00:00:00+00:00,0.0,68.0673908555069
2013-02-14 00:00:00+00:00,0.0,54.26520560301366
2013-02-21 00:00:00+00:00,0.0,4.6437973703137345
2013-02-28 00:00:00+00:00,0.0,112.44708778563997
2013-03-07 00:00:00+00:00,0.0,143.3992226897371
2013-03-14 00:00:00+00:00,0.0,115.77499438853226
2013-03-21 00:00:00+00:00,0.0,32.12079187265988
2013-03-28 00:00:00+00:00,0.0,10.156290718673198
2013-04-04 00:00:00+00:00,1.0038989959650986,12.997597574055956
2013-04-11 00:00:00+00:00,1.0009664769895432,34.592320599499416
2013-04-18 00:00:00+00:00,1.0376229641839845,4.204034812493646
2013-04-25 00:00:00+00:00,1.0217384863997268,52.81605388735088
2013-05-02 00:00:00+00:00,1.0515524293178722,1.398653094093512
2013-05-09 00:00:00+00:00,0.0,252.85849121699016
2013-05-16 00:00:00+00:00,0.0,252.85849121699016
2013-05-23 00:00:00+00:00,0.0,252.85849121699016
2013-05-30 00:00:00+00:00,0.0,176.41342234275353
2013-06-06 00:00:00+00:00,0.0,70.27366445257223
2013-06-13 00:00:00+00:00,0.0,6.8670658785729195
2013-06-20 00:00:00+00:00,0.0,18.831344444243673
2013-06-27 00:00:00+00:00,1.9346006275585999,61.92465938865968
2013-07-04 00:00:00+00:00,0.0,94.68314162559534
2013-07-11 00:00:00+00:00,0.0,115.00917912115438
2013-07-18 00:00:00+00:00,0.0,115.00917912115438
2013-07-25 00:00:00+00:00,0.0,122.5982336890047
2013-08-01 00:00:00+00:00,0.0,135.6576829326413
2013-08-08 00:00:00+00:00,0.0,267.2399713283171
2013-08-15 00:00:00+00:00,0.0,240.67200142493428
2013-08-22 00:00:00+00:00,0.0,23.266867559020415
2013-08-29 00:00:00+00:00,0.0,129.90039332616314
2013-09-05 00:00:00+00:00,0.0,105.26682338251734
2013-09-12 00:00:00+00:00,0.0,205.0956291966742
2013-09-19 00:00:00+00:00,0.0,258.2034165056938
2013-09-26 00:00:00+00:00,0.0,206.4297193233248
2013-10-03 00:00:00+00:00,0.0,165.3095384298744
2013-10-10 00:00:00+00:00,0.0,171.3072738725664
2013-10-17 00:00:00+00:00,0.0,274.11146447315383
2013-10-24 00:00:00+00:00,0.0,274.11146447315383
2013-10-31 00:00:00+00:00,0.0,246.6621515729739
2013-11-07 00:00:00+00:00,0.0,274.62289494153873
2013-11-14 00:00:00+00:00,0.0,274.62289494153873
2013-11-21 00:00:00+00:00,0.0,274.62289494153873
2013-11-28 00:00:00+00:00,0.0,247.1057826821035
2013-12-05 00:00:00+00:00,0.0,197.82692594288335
2013-12-12 00:00:00+00:00,0.0,59.527688348523526
2013-12-19 00:00:00+00:00,0.0,146.31994900170946
2013-12-26 00:00:00+00:00,0.0,166.35852994983173
2014-01-02 00:00:00+00:00,0.0,166.35852994983173
2014-01-09 00:00:00+00:00,0.0,116.17893727146142
2014-01-16 00:00:00+00:00,0.0,126.49366494378106
2014-01-23 00:00:00+00:00,0.0,120.40963861705036
2014-01-30 00:00:00+00:00,0.0,10.668930087421673
2014-02-06 00:00:00+00:00,0.0,26.34832088282866
2014-02-13 00:00:00+00:00,0.0,125.67241333263462
2014-02-20 00:00:00+00:00,0.0,125.67241333263462
2014-02-27 00:00:00+00:00,0.0,138.86025867202082
2014-03-06 00:00:00+00:00,0.0,152.67079306851264
2014-03-13 00:00:00+00:00,0.0,168.52389924536106
2014-03-20 00:00:00+00:00,0.0,155.15020470903212
2014-03-27 00:00:00+00:00,0.0,66.6776367241801
2014-04-03 00:00:00+00:00,0.0,143.52617749226548
2014-04-10 00:00:00+00:00,0.0,100.79603457458208
2014-04-17 00:00:00+00:00,0.0,104.4031171444523
2014-04-24 00:00:00+00:00,0.0,125.26608193795782
2014-05-01 00:00:00+00:00,0.0,74.23905164559295
2014-05-08 00:00:00+00:00,0.0,97.4279747191659
2014-05-15 00:00:00+00:00,0.0,111.02119499613704
2014-05-22 00:00:00+00:00,11.439190219028726,71.94914754658812
2014-05-29 00:00:00+00:00,11.70083252570752,115.22298421895754
2014-06-05 00:00:00+00:00,11.823403696403892,126.6461452167651
2014-06-12 00:00:00+00:00,0.0,274.95239545023793
2014-06-19 00:00:00+00:00,0.0,274.95239545023793
2014-06-26 00:00:00+00:00,0.0,287.7347473241457
2014-07-03 00:00:00+00:00,0.0,287.7347473241457
2014-07-10 00:00:00+00:00,0.0,287.7347473241457
2014-07-17 00:00:00+00:00,0.0,287.7347473241457
2014-07-24 00:00:00+00:00,0.0,230.3264762846036
2014-07-31 00:00:00+00:00,0.0,122.8180943064215
2014-08-07 00:00:00+00:00,0.0,47.37211035124513
2014-08-14 00:00:00+00:00,0.0,265.58859747342063
2014-08-21 00:00:00+00:00,0.0,294.2706997074503
2014-08-28 00:00:00+00:00,0.0,294.2706997074503
2014-09-04 00:00:00+00:00,0.0,294.2706997074503
2014-09-11 00:00:00+00:00,0.0,235.88718699486824
2014-09-18 00:00:00+00:00,0.0,242.39832070259953
2014-09-25 00:00:00+00:00,0.0,120.94475476352783
2014-10-02 00:00:00+00:00,0.0,60.87495207239111
2014-10-09 00:00:00+00:00,0.0,97.38799325815158
2014-10-16 00:00:00+00:00,0.0,49.7719127173037
2014-10-23 00:00:00+00:00,0.0,211.8856091063827
2014-10-30 00:00:00+00:00,0.0,233.91258222417179
2014-11-06 00:00:00+00:00,0.0,274.07213783739803
2014-11-13 00:00:00+00:00,0.0,283.8423971931689
2014-11-20 00:00:00+00:00,0.0,283.8423971931689
2014-11-27 00:00:00+00:00,0.0,283.8423971931689
2014-12-04 00:00:00+00:00,0.0,283.8423971931689
2014-12-11 00:00:00+00:00,0.0,283.8423971931689
2014-12-18 00:00:00+00:00,0.0,283.8423971931689
2014-12-25 00:00:00+00:00,0.0,283.8423971931689
2015-01-01 00:00:00+00:00,0.0,283.8423971931689
2015-01-08 00:00:00+00:00,0.0,283.8423971931689
2015-01-15 00:00:00+00:00,0.0,226.7800395144102
2015-01-22 00:00:00+00:00,0.0,284.19750491805047
2015-01-29 00:00:00+00:00,0.0,255.81491325845863
2015-02-05 00:00:00+00:00,0.0,259.1833317036072
2015-02-12 00:00:00+00:00,0.0,24.552048360114313
2015-02-19 00:00:00+00:00,0.0,91.53963173031289
2015-02-26 00:00:00+00:00,0.0,129.2310288617056
2015-03-05 00:00:00+00:00,0.0,12.129225937007181
2015-03-12 00:00:00+00:00,0.0,89.9398402092542
2015-03-19 00:00:00+00:00,0.0,284.2664972129986
2015-03-26 00:00:00+00:00,0.0,255.8795425864396
2015-04-02 00:00:00+00:00,0.0,234.9902053025149
2015-04-09 00:00:00+00:00,0.0,260.6982139424108
2015-04-16 00:00:00+00:00,0.0,260.6982139424108
2015-04-23 00:00:00+00:00,0.0,235.28651945372212
2015-04-30 00:00:00+00:00,0.0,164.76370536966652
2015-05-07 00:00:00+00:00,0.0,147.85399501125855
2015-05-14 00:00:00+00:00,0.0,103.30226225021184
2015-05-21 00:00:00+00:00,0.0,124.83598393509317
2015-05-28 00:00:00+00:00,0.0,112.34796108707614
2015-06-04 00:00:00+00:00,0.0,125.0505699787172
2015-06-11 00:00:00+00:00,0.0,98.12953715471087
2015-06-18 00:00:00+00:00,0.0,104.82778021543066
2015-06-25 00:00:00+00:00,0.0,94.30578758472691
2015-07-02 00:00:00+00:00,0.0,65.51545889557077
2015-07-09 00:00:00+00:00,0.0,20.496654150064792
2015-07-16 00:00:00+00:00,0.0,43.79634043171634
2015-07-23 00:00:00+00:00,0.0,102.29989019598509
2015-07-30 00:00:00+00:00,0.0,134.58124579684278
2015-08-06 00:00:00+00:00,0.0,63.063152062640356
2015-08-13 00:00:00+00:00,6.72890956241805,71.18446320995602
2015-08-20 00:00:00+00:00,0.0,110.71947085779323
2015-08-27 00:00:00+00:00,0.0,2.626209493849654
2015-09-03 00:00:00+00:00,0.0,76.5363195303287
2015-09-10 00:00:00+00:00,0.0,124.76222915602384
2015-09-17 00:00:00+00:00,0.0,213.62419900674945
2015-09-24 00:00:00+00:00,0.0,197.76831311926614
2015-10-01 00:00:00+00:00,0.0,231.98335351067934
2015-10-08 00:00:00+00:00,0.0,258.1877455360698
2015-10-15 00:00:00+00:00,0.0,206.11428083379508
2015-10-22 00:00:00+00:00,0.0,218.5077599459774
2015-10-29 00:00:00+00:00,0.0,218.5077599459774
2015-11-05 00:00:00+00:00,0.0,224.35088745671496
2015-11-12 00:00:00+00:00,0.0,202.9099669882234
2015-11-19 00:00:00+00:00,0.0,182.51626820921902
2015-11-26 00:00:00+00:00,0.0,182.51626820921902
2015-12-03 00:00:00+00:00,0.0,145.98866125269726
2015-12-10 00:00:00+00:00,0.0,290.55999212134475
2015-12-17 00:00:00+00:00,0.0,290.55999212134475
2015-12-24 00:00:00+00:00,0.0,290.55999212134475
2015-12-31 00:00:00+00:00,0.0,290.55999212134475
2016-01-07 00:00:00+00:00,0.0,290.55999212134475
2016-01-14 00:00:00+00:00,0.0,28.447491450073407
2016-01-21 00:00:00+00:00,0.0,2.7994285332960502
2016-01-28 00:00:00+00:00,0.0,133.8787480747726
2016-02-04 00:00:00+00:00,0.0,256.76609207633084
2016-02-11 00:00:00+00:00,0.0,181.2832658156223
2016-02-18 00:00:00+00:00,0.0,262.8794176837762
2016-02-25 00:00:00+00:00,0.0,262.8794176837762
2016-03-03 00:00:00+00:00,0.0,262.8794176837762
2016-03-10 00:00:00+00:00,0.0,263.1933880735881
2016-03-17 00:00:00+00:00,0.0,263.1933880735881
2016-03-24 00:00:00+00:00,0.0,263.1933880735881
2016-03-31 00:00:00+00:00,0.0,263.5118601641516
2016-04-07 00:00:00+00:00,0.0,263.5118601641516
2016-04-14 00:00:00+00:00,0.0,298.2406026002374
2016-04-21 00:00:00+00:00,0.0,298.2406026002374
2016-04-28 00:00:00+00:00,0.0,209.28355602709865
2016-05-05 00:00:00+00:00,0.0,228.23124299118467
2016-05-12 00:00:00+00:00,0.0,208.9363485875776
2016-05-19 00:00:00+00:00,0.0,2.6648463877371213
2016-05-26 00:00:00+00:00,0.0,242.64487529837686
2016-06-02 00:00:00+00:00,0.0,307.7704959000733
2016-06-09 00:00:00+00:00,0.0,123.49402286983192
2016-06-16 00:00:00+00:00,0.0,0.8419726006263666
2016-06-23 00:00:00+00:00,0.0,100.64736311796594
2016-06-30 00:00:00+00:00,0.0,9.755442299995046
2016-07-07 00:00:00+00:00,0.0,231.10984168188867
2016-07-14 00:00:00+00:00,0.0,261.2870659654822
2016-07-21 00:00:00+00:00,0.0,180.12036936220653
2016-07-28 00:00:00+00:00,0.0,17.820850024436865
2016-08-04 00:00:00+00:00,0.0,19.028625174033674
2016-08-11 00:00:00+00:00,0.0,282.80774404465546
2016-08-18 00:00:00+00:00,0.0,25.475205921255824
2016-08-25 00:00:00+00:00,0.0,172.1433130421384
2016-09-01 00:00:00+00:00,0.0,4.575784168150349
2016-09-08 00:00:00+00:00,0.0,278.06187513662974
2016-09-15 00:00:00+00:00,0.0,0.421030002116872
2016-09-22 00:00:00+00:00,0.0,324.04689492112357
2016-09-29 00:00:00+00:00,0.0,293.1349456679628
2016-10-06 00:00:00+00:00,0.0,149.87853398553926
2016-10-13 00:00:00+00:00,0.0,266.3314546025075
2016-10-20 00:00:00+00:00,0.0,266.3726453587866
2016-10-27 00:00:00+00:00,0.0,212.95504068719129
2016-11-03 00:00:00+00:00,0.0,191.57596500354634
2016-11-10 00:00:00+00:00,0.0,330.5195558587555
2016-11-17 00:00:00+00:00,0.0,330.5195558587555
2016-11-24 00:00:00+00:00,0.0,330.5195558587555
2016-12-01 00:00:00+00:00,0.0,330.5195558587555
2016-12-08 00:00:00+00:00,0.0,330.5195558587555
2016-12-15 00:00:00+00:00,0.0,330.5195558587555
2016-12-22 00:00:00+00:00,0.0,330.5195558587555
2016-12-29 00:00:00+00:00,0.0,330.5195558587555
2017-01-05 00:00:00+00:00,0.0,330.5195558587555
2017-01-12 00:00:00+00:00,0.0,330.5195558587555
2017-01-19 00:00:00+00:00,0.0,330.5195558587555
2017-01-26 00:00:00+00:00,0.0,330.5195558587555
2017-02-02 00:00:00+00:00,0.0,330.5195558587555
2017-02-09 00:00:00+00:00,0.0,330.5195558587555
2017-02-16 00:00:00+00:00,0.0,297.4921195277656
2017-02-23 00:00:00+00:00,0.0,332.3891490437874
2017-03-02 00:00:00+00:00,0.0,332.3891490437874
2017-03-09 00:00:00+00:00,0.0,332.3891490437874
2017-03-16 00:00:00+00:00,0.0,332.3891490437874
2017-03-23 00:00:00+00:00,0.0,299.33835675648334
2017-03-30 00:00:00+00:00,0.0,332.9123650725263
2017-04-06 00:00:00+00:00,0.0,299.6086277489368
2017-04-13 00:00:00+00:00,0.0,269.8238170523144
2017-04-20 00:00:00+00:00,0.0,215.5030860325199
2017-04-27 00:00:00+00:00,0.0,302.59653330256725
2017-05-04 00:00:00+00:00,0.0,241.82280694343297
2017-05-11 00:00:00+00:00,0.0,272.0215310797243
2017-05-18 00:00:00+00:00,0.0,242.0373154756324
2017-05-25 00:00:00+00:00,0.0,327.4611285609469
2017-06-01 00:00:00+00:00,0.0,327.4611285609469
2017-06-08 00:00:00+00:00,0.0,294.71501570485225
2017-06-15 00:00:00+00:00,0.0,328.4343680223874
2017-06-22 00:00:00+00:00,0.0,328.4343680223874
2017-06-29 00:00:00+00:00,0.0,328.4343680223874
2017-07-06 00:00:00+00:00,0.0,328.4343680223874
2017-07-13 00:00:00+00:00,0.0,328.4343680223874
2017-07-20 00:00:00+00:00,0.0,328.4343680223874
2017-07-27 00:00:00+00:00,0.0,328.4343680223874
2017-08-03 00:00:00+00:00,0.0,328.4343680223874
2017-08-10 00:00:00+00:00,0.0,328.4343680223874
2017-08-17 00:00:00+00:00,0.0,328.4343680223874
2017-08-24 00:00:00+00:00,0.0,328.4343680223874
2017-08-31 00:00:00+00:00,0.0,328.4343680223874
2017-09-07 00:00:00+00:00,0.0,328.4343680223874
2017-09-14 00:00:00+00:00,0.0,295.6173093719455
2017-09-21 00:00:00+00:00,0.0,328.91972601544916
2017-09-28 00:00:00+00:00,0.0,296.11511589093357
2017-10-05 00:00:00+00:00,0.0,329.3128571620812
2017-10-12 00:00:00+00:00,0.0,329.3128571620812
2017-10-19 00:00:00+00:00,0.0,329.3128571620812
2017-10-26 00:00:00+00:00,0.0,329.3128571620812
2017-11-02 00:00:00+00:00,0.0,329.3128571620812
2017-11-09 00:00:00+00:00,0.0,1.6092566514870512
2017-11-16 00:00:00+00:00,0.0,64.50376582249051
2017-11-23 00:00:00+00:00,0.0,121.77063861460898
2017-11-30 00:00:00+00:00,0.0,220.46991901490478
2017-12-07 00:00:00+00:00,0.0,14.492542992210776
2017-12-14 00:00:00+00:00,0.0,52.37574555066249
2017-12-21 00:00:00+00:00,0.0,5.218862724087026
2017-12-28 00:00:00+00:00,0.0,62.47405457503745
2018-01-04 00:00:00+00:00,6.326157677046027,6.614139463548442
2018-01-11 00:00:00+00:00,0.0,28.487402638623102
2018-01-18 00:00:00+00:00,0.0,72.0638108526128
2018-01-25 00:00:00+00:00,0.0,46.34100292173073
2018-02-01 00:00:00+00:00,0.0,5.374396771074132
2018-02-08 00:00:00+00:00,0.5223745955859573,5.246213978547261
2018-02-15 00:00:00+00:00,0.5242932616287842,86.03049398179643
2018-02-22 00:00:00+00:00,0.5483831797220557,9.576847989554366
2018-03-01 00:00:00+00:00,0.0,55.70213006484929
2018-03-08 00:00:00+00:00,0.0,3.32960321294395
2018-03-15 00:00:00+00:00,0.0,36.88607052979454
2018-03-22 00:00:00+00:00,0.0,24.90485966834613
2018-03-29 00:00:00+00:00,0.0,2.3625890121615742
2018-04-05 00:00:00+00:00,0.0,19.97917495918655
2018-04-12 00:00:00+00:00,0.0,18.878170841613855
2018-04-19 00:00:00+00:00,0.0,66.73787528985237
2018-04-26 00:00:00+00:00,0.0,44.066096627484804
2018-05-03 00:00:00+00:00,4.640122311543699,9.583448973785197
2018-05-10 00:00:00+00:00,4.59144969988415,33.55061245869658
2018-05-17 00:00:00+00:00,4.585075905500162,41.589391067312704
2018-05-24 00:00:00+00:00,4.553206933580219,38.06098923889735
2018-05-31 00:00:00+00:00,4.614047698154655,19.105967763983962
2018-06-07 00:00:00+00:00,4.557262984551848,22.457094765927703
2018-06-14 00:00:00+00:00,4.462235504645109,69.93678894330338
2018-06-21 00:00:00+00:00,4.352142692558033,6.135335018882571
2018-06-28 00:00:00+00:00,4.295357978955225,3.2961557690631835
2018-07-05 00:00:00+00:00,0.0,19.088320285635678
2018-07-12 00:00:00+00:00,0.0,62.73258420564511
2018-07-19 00:00:00+00:00,0.0,21.716452576516392
2018-07-26 00:00:00+00:00,0.0,54.18225129771401
2018-08-02 00:00:00+00:00,0.0,29.24086822329794
2018-08-09 00:00:00+00:00,0.0,23.45105525377754
2018-08-16 00:00:00+00:00,0.0,24.04462019168571
2018-08-23 00:00:00+00:00,0.0,21.64178595144694
2018-08-30 00:00:00+00:00,0.0,20.13131835230066
2018-09-06 00:00:00+00:00,0.0,23.86783303729723
2018-09-13 00:00:00+00:00,0.0,201.35146327457844
2018-09-20 00:00:00+00:00,0.0,17.03990113255471
2018-09-27 00:00:00+00:00,0.0,80.91458121296759
2018-10-04 00:00:00+00:00,0.0,136.0793974751072
2018-10-11 00:00:00+00:00,0.0,1.7352802201928466
2018-10-18 00:00:00+00:00,0.0,134.57614582612734
2018-10-25 00:00:00+00:00,0.0,7.301465954265339
2018-11-01 00:00:00+00:00,0.0,200.3954603672495
2018-11-08 00:00:00+00:00,0.0,241.79879555858693
2018-11-15 00:00:00+00:00,0.0,167.60593155018086
2018-11-22 00:00:00+00:00,17.664666476330332,22.48258081020208
2018-11-29 00:00:00+00:00,17.803599792968516,126.45565831592046
2018-12-06 00:00:00+00:00,17.49351673844271,119.34385265144708
2018-12-13 00:00:00+00:00,17.427070369615755,95.42693597216496
2018-12-20 00:00:00+00:00,17.402908053678683,9.783484237214553
2018-12-27 00:00:00+00:00,17.68278821328314,13.999133090081207
2019-01-03 00:00:00+00:00,17.62439594976854,5.580400025947092
2019-01-10 00:00:00+00:00,0.0,335.80160989518976
2019-01-17 00:00:00+00:00,0.0,324.5809918634889
2019-01-24 00:00:00+00:00,0.0,324.5809918634889
2019-01-31 00:00:00+00:00,0.0,292.24038380573757
2019-02-07 00:00:00+00:00,0.0,332.25257918447846
2019-02-14 00:00:00+00:00,0.0,361.7993370072917
2019-02-21 00:00:00+00:00,0.0,361.7993370072917
2019-02-28 00:00:00+00:00,0.0,361.7993370072917
2019-03-07 00:00:00+00:00,0.0,361.7993370072917
2019-03-14 00:00:00+00:00,0.0,361.7993370072917
2019-03-21 00:00:00+00:00,0.0,361.7993370072917
2019-03-28 00:00:00+00:00,0.0,289.19276573413214
2019-04-04 00:00:00+00:00,0.0,362.73126755201696
2019-04-11 00:00:00+00:00,0.0,326.48969238157946
2019-04-18 00:00:00+00:00,0.0,265.7207623395888
2019-04-25 00:00:00+00:00,0.0,220.09420353743542
2019-05-02 00:00:00+00:00,0.0,164.51239211396324
2019-05-09 00:00:00+00:00,0.0,82.8230704407581
2019-05-16 00:00:00+00:00,0.0,77.03703921290548
2019-05-23 00:00:00+00:00,0.0,193.97880769528803
2019-05-30 00:00:00+00:00,0.0,3.6654584150568823
2019-06-06 00:00:00+00:00,0.0,284.5445061010724
2019-06-13 00:00:00+00:00,0.0,365.3791122968028
2019-06-20 00:00:00+00:00,0.0,328.33830188853585
2019-06-27 00:00:00+00:00,0.0,263.6203784139696
2019-07-04 00:00:00+00:00,0.0,370.22536346407844
2019-07-11 00:00:00+00:00,0.0,370.22536346407844
2019-07-18 00:00:00+00:00,0.0,370.22536346407844
2019-07-25 00:00:00+00:00,0.0,296.2718308852932
2019-08-01 00:00:00+00:00,0.0,127.15460005419118
2019-08-08 00:00:00+00:00,0.0,5.391914496699469
2019-08-15 00:00:00+00:00,0.0,81.82858887607331
2019-08-22 00:00:00+00:00,0.0,242.2930915457847
2019-08-29 00:00:00+00:00,0.0,156.80025589670862
2019-09-05 00:00:00+00:00,0.0,294.401129722927
2019-09-12 00:00:00+00:00,0.0,198.16160296008292
2019-09-19 00:00:00+00:00,0.0,348.55188903848654
2019-09-26 00:00:00+00:00,35.21524988496202,232.87890049397066
2019-10-03 00:00:00+00:00,0.0,58.40611997127648
2019-10-10 00:00:00+00:00,0.0,52.60262588216796
2019-10-17 00:00:00+00:00,0.0,47.347189960953656
2019-10-24 00:00:00+00:00,4.4775717012208345,33.14346353479748
2019-10-31 00:00:00+00:00,4.336742333490588,23.191111349073374
2019-11-07 00:00:00+00:00,4.262762349176598,13.94976458700675
2019-11-14 00:00:00+00:00,4.2516207852738885,61.05576570151589
2019-11-21 00:00:00+00:00,4.379525938876992,48.78027733960148
2019-11-28 00:00:00+00:00,4.316687518465711,139.80947028179827
2019-12-05 00:00:00+00:00,4.327383419812312,111.71222057144716
2019-12-12 00:00:00+00:00,4.296632703440834,100.4097439470514
2019-12-19 00:00:00+00:00,4.366156062193741,92.53853625439578
2019-12-26 00:00:00+00:00,4.383536901881968,92.53853625439578
2020-01-02 00:00:00+00:00,4.445038334624923,83.1337099071858
2020-01-09 00:00:00+00:00,4.4053743671312775,65.26368051867472
2020-01-16 00:00:00+00:00,0.0,101.77674206146501
2020-01-23 00:00:00+00:00,0.0,89.73216009778804
2020-01-30 00:00:00+00:00,0.0,14.113061867780194
2020-02-06 00:00:00+00:00,0.0,110.84938804080086
2020-02-13 00:00:00+00:00,0.0,388.65397159735
2020-02-20 00:00:00+00:00,0.0,357.4990644444996
2020-02-27 00:00:00+00:00,0.0,12.743849638376844
2020-03-05 00:00:00+00:00,0.0,195.75324501066322
2020-03-12 00:00:00+00:00,0.0,184.34695206124448
2020-03-19 00:00:00+00:00,0.0,217.84049498372278
2020-03-26 00:00:00+00:00,0.0,276.91791016431733
2020-04-02 00:00:00+00:00,0.0,361.82015361094625
2020-04-09 00:00:00+00:00,0.0,367.0952812003416
2020-04-16 00:00:00+00:00,0.0,368.3600080742677
2020-04-23 00:00:00+00:00,0.0,368.3600080742677
2020-04-30 00:00:00+00:00,0.0,368.3600080742677
2020-05-07 00:00:00+00:00,0.0,331.1322431698559
2020-05-14 00:00:00+00:00,0.0,366.0755654827574
2020-05-21 00:00:00+00:00,0.0,366.0755654827574
2020-05-28 00:00:00+00:00,0.0,366.0755654827574
2020-06-04 00:00:00+00:00,0.0,366.0755654827574
2020-06-11 00:00:00+00:00,0.0,366.0755654827574
2020-06-18 00:00:00+00:00,0.0,366.0755654827574
2020-06-25 00:00:00+00:00,0.0,329.49354612077275
2020-07-02 00:00:00+00:00,0.0,368.2802758992214
2020-07-09 00:00:00+00:00,0.0,368.2802758992214
2020-07-16 00:00:00+00:00,0.0,368.2802758992214
2020-07-23 00:00:00+00:00,0.0,368.2802758992214
2020-07-30 00:00:00+00:00,0.0,368.2802758992214
2020-08-06 00:00:00+00:00,0.0,331.5689311689901
2020-08-13 00:00:00+00:00,0.0,331.5689311689901
2020-08-20 00:00:00+00:00,0.0,331.5689311689901
2020-08-27 00:00:00+00:00,0.0,331.5689311689901
2020-09-03 00:00:00+00:00,0.0,331.5689311689901
2020-09-10 00:00:00+00:00,0.0,268.1509977721849
2020-09-17 00:00:00+00:00,0.0,221.64501123348117
2020-09-24 00:00:00+00:00,0.0,11.07909988101828
2020-10-01 00:00:00+00:00,0.0,381.07328978170864
2020-10-08 00:00:00+00:00,0.0,343.93722008911624
2020-10-15 00:00:00+00:00,0.0,383.01892580267827
2020-10-22 00:00:00+00:00,0.0,229.97510129715945
2020-10-29 00:00:00+00:00,0.0,22.718136051331076
2020-11-05 00:00:00+00:00,0.0,365.8885930675615
2020-11-12 00:00:00+00:00,0.0,367.4717886217284
2020-11-19 00:00:00+00:00,0.0,293.7604633846991
2020-11-26 00:00:00+00:00,0.0,408.76725188896785
2020-12-03 00:00:00+00:00,0.0,367.97751528143647
2020-12-10 00:00:00+00:00,0.0,300.059804855341
2020-12-17 00:00:00+00:00,0.0,290.9786810653407
2020-12-24 00:00:00+00:00,0.0,263.0305942409743
